,bType,pType,ranges,PA,AB,H,BB,1B,2B,3B,HR,R,K,SF,DP,Adv 2nd,SA,SB,AVG,OBP,ER6,,,,,
141,1B,All,NEW,434132,377162,106483,52491,61274,25640,4812,14757,56894,50991,4479,24842,4261,0,0,0.282326958,0.366188164,3.41364,,New,High,Low,Avg
168,1B,All,NEW,433947,377582,106700,51917,60827,25521,4926,15426,57631,51024,4448,24670,4137,0,0,0.282587623,0.365521596,3.45786,,,3.458,3.412,3.427
195,1B,All,NEW,433886,377440,106471,51982,60859,25472,4833,15307,57206,51142,4464,24567,4184,0,0,0.282087219,0.365195005,3.43236,,,,,
222,1B,All,NEW,433597,376680,105895,52433,60736,25394,4910,14855,56871,51501,4484,24731,4174,0,0,0.281127217,0.365150128,3.41226,,Diffs,0.009,0.013,0.002
249,1B,All,NEW,433313,377228,106334,51602,60994,25367,4950,15023,56949,51245,4483,24623,4237,0,0,0.281882575,0.364484795,3.41694,,,,,
6,1B,All,OLD,434288,377784,106840,52094,61431,25659,4800,14950,57096,51583,4410,23618,2049,0,0,0.282807107,0.365964521,3.42576,,,,,
33,1B,All,OLD,435444,378168,107353,52792,61627,25710,4877,15139,57778,51413,4484,23634,2076,0,0,0.283876478,0.367774042,3.46668,,Old,High,Low,Avg
60,1B,All,OLD,433624,377015,106246,52184,61138,25322,4811,14975,56659,51216,4425,23796,2032,0,0,0.281808416,0.365362618,3.39954,,,3.467,3.400,3.429
87,1B,All,OLD,433960,377139,106368,52343,61005,25294,4824,15245,57076,51245,4478,23715,2034,0,0,0.282039248,0.365727256,3.42456,,-,-,-,-
114,1B,All,OLD,434381,377784,106847,51997,61598,25539,4793,14917,57147,51627,4600,23386,2149,0,0,0.282825636,0.365678978,3.42882,,-,-,-,-
156,All,1B,NEW,422118,366447,98834,51472,55333,21644,4182,17675,56107,62514,4199,11483,5481,44658,27953,0.269708853,0.356075789,3.36642,,New,High,Low,Avg
183,All,1B,NEW,421550,365880,98119,51541,54888,21467,4281,17483,55366,62315,4129,11339,5267,44583,27812,0.268172625,0.355023129,3.32196,,,3.366,3.303,3.333
210,All,1B,NEW,422151,366157,98488,51772,54965,21531,4306,17686,55820,62768,4222,11551,5410,44640,28082,0.268977515,0.355938989,3.3492,,,,,
237,All,1B,NEW,421713,365972,98150,51540,54803,21598,4272,17477,55448,62799,4201,11399,5360,44076,27498,0.268189916,0.354957044,3.32688,,Diffs,0.019,0.002,0.002
264,All,1B,NEW,421287,365970,98125,51232,55073,21334,4234,17484,55046,62418,4085,11447,5207,44480,27857,0.26812307,0.354525537,3.30276,,,,,
21,All,1B,OLD,422214,366564,99017,51355,55499,21658,4329,17531,55534,62407,4295,11008,3831,43611,27091,0.270121998,0.356151146,3.33204,,,,,
48,All,1B,OLD,422059,366585,98635,51289,55453,21414,4252,17516,55792,62537,4185,11074,3844,43373,27162,0.269064473,0.355220479,3.34752,,Old,High,Low,Avg
75,All,1B,OLD,421794,366200,98398,51423,55053,21414,4226,17705,55535,62832,4171,10880,3832,43638,27143,0.268700164,0.355199458,3.3321,,,3.348,3.304,3.331
102,All,1B,OLD,422358,366429,98587,51626,55220,21587,4165,17615,55647,62721,4303,11034,3813,43453,27211,0.269048028,0.355653261,3.33882,,-,-,-,-
129,All,1B,OLD,421316,366038,97775,51199,55033,21280,4152,17310,55071,62713,4079,10799,3782,43188,26939,0.267117075,0.353592078,3.30426,,-,-,-,-
161,All,All,NEW,411299,371984,97906,35881,45997,25142,6581,20186,54281,67853,3434,8805,4636,36292,22609,0.263199492,0.325279176,3.25686,,New,High,Low,Avg
188,All,All,NEW,411596,372137,98098,36086,46434,25057,6544,20063,54496,67729,3373,8793,4765,36506,22711,0.26360722,0.326008999,3.26976,,,3.289,3.257,3.270
215,All,All,NEW,411800,372403,98280,35992,46345,25105,6549,20281,54813,67314,3405,8898,4678,36674,23100,0.263907648,0.326061195,3.28878,,,,,
242,All,All,NEW,411470,371858,98056,36135,46472,24815,6493,20276,54623,67846,3477,9116,4611,36340,22735,0.263692054,0.326125841,3.27738,,Diffs,0.000,0.002,0.006
269,All,All,NEW,411076,371835,97623,35819,45840,24871,6561,20351,54283,67609,3422,8724,4641,36376,22734,0.26254387,0.324616373,3.25698,,,,,
26,All,All,OLD,411604,372008,97806,36242,46193,24938,6497,20178,54806,67664,3354,8675,4095,35911,22515,0.262913701,0.325672248,3.28836,,,,,
53,All,All,OLD,411319,372169,98078,35715,46457,24789,6552,20280,54772,67859,3435,8564,4174,35877,22310,0.263530815,0.325277947,3.28632,,Old,High,Low,Avg
80,All,All,OLD,411046,371669,97627,35980,46182,24704,6600,20141,54319,67499,3397,8599,4047,35809,22196,0.262671894,0.32504148,3.25914,,,3.288,3.259,3.276
107,All,All,OLD,411162,371851,97648,35867,45816,24960,6508,20364,54481,67416,3444,8668,4144,35618,22291,0.262599805,0.32472602,3.26886,,-,-,-,-
134,All,All,OLD,411391,372395,98355,35576,46488,24859,6645,20363,54586,67739,3420,8908,4119,35718,22423,0.264114717,0.325556466,3.27516,,-,-,-,-
148,All,BB,NEW,409174,371539,97760,34253,49296,22455,4105,21904,54071,75021,3382,8875,4936,37480,23516,0.263121772,0.322632914,3.24426,,New,High,Low,Avg
175,All,BB,NEW,409488,371588,97837,34579,49595,22665,4000,21577,53705,74905,3321,8813,4878,37918,23803,0.263294294,0.323369671,3.2223,,,3.268,3.222,3.246
202,All,BB,NEW,409622,372100,98137,34180,49485,22584,4135,21933,54209,74935,3342,8822,4907,37490,23617,0.263738242,0.323022201,3.25254,,,,,
229,All,BB,NEW,409378,371735,98111,34266,49629,22353,3968,22161,54470,74815,3377,8808,4968,37881,23690,0.26392726,0.323361294,3.2682,,Diffs,0.012,0.002,0.003
256,All,BB,NEW,408938,371271,97689,34321,49091,22563,4090,21945,54026,74801,3346,8760,4965,37948,23636,0.26312047,0.322811771,3.24156,,,,,
13,All,BB,OLD,409417,371584,98125,34533,49461,22615,3992,22057,54191,74327,3300,8656,3883,37401,23163,0.264072188,0.324016834,3.25146,,,,,
40,All,BB,OLD,409147,371279,97500,34503,49133,22518,4119,21730,53731,74664,3365,8455,3860,36892,22805,0.262605749,0.322629764,3.22386,,Old,High,Low,Avg
67,All,BB,OLD,409359,371622,97656,34364,49306,22411,4099,21840,53819,74312,3373,8534,3993,37078,23252,0.262783151,0.322504208,3.22914,,,3.257,3.224,3.243
94,All,BB,OLD,409345,371509,97943,34441,49431,22541,3977,21994,54195,74323,3395,8664,3942,37232,23213,0.263635605,0.323404463,3.2517,,-,-,-,-
121,All,BB,OLD,409739,371739,98068,34711,49400,22612,4094,21962,54278,74431,3289,8600,3907,37291,23195,0.263808748,0.32405751,3.25668,,-,-,-,-
150,All,BF,NEW,409787,372908,100778,33605,52006,22801,3984,21987,54654,64151,3274,10259,4812,38135,23798,0.270248962,0.32793378,3.27924,,New,High,Low,Avg
177,All,BF,NEW,409018,372201,99875,33584,51627,22452,4005,21791,54100,63701,3233,10217,4808,37765,23541,0.268336195,0.326291263,3.246,,,3.279,3.240,3.260
204,All,BF,NEW,409502,372901,100412,33334,51686,22700,4001,22025,54582,63991,3267,10232,4862,37652,23640,0.269272542,0.326606463,3.27492,,,,,
231,All,BF,NEW,409327,372416,100030,33761,51584,22481,4116,21849,54350,64116,3150,10154,4791,37863,23553,0.268597482,0.326856034,3.261,,Diffs,0.002,0.008,0.008
258,All,BF,NEW,408705,372132,99870,33413,51780,22283,4080,21727,53997,64038,3160,10445,4652,38051,23918,0.268372513,0.32611052,3.23982,,,,,
15,All,BF,OLD,410095,373036,100683,33901,52004,22500,4099,22080,54667,65447,3158,9983,4286,37516,23429,0.269901564,0.328177617,3.28002,,,,,
42,All,BF,OLD,409177,372662,100184,33333,51653,22482,4095,21954,54138,64906,3182,9827,4317,37255,23119,0.26883342,0.32630622,3.24828,,Old,High,Low,Avg
69,All,BF,OLD,409883,373034,100410,33776,51818,22467,4029,22096,54691,65218,3073,9977,4306,37357,23441,0.269171175,0.327376349,3.28146,,,3.281,3.248,3.269
96,All,BF,OLD,409999,373114,100589,33761,52106,22469,4103,21911,54687,65104,3124,9923,4244,37577,23500,0.269593207,0.327683726,3.28122,,-,-,-,-
123,All,BF,OLD,409587,373198,100401,33364,51850,22730,3904,21917,54202,65710,3025,9989,4304,37266,23435,0.269028773,0.326585072,3.25212,,-,-,-,-
149,All,BS,NEW,410323,372069,97586,34666,48506,24109,4822,20149,53303,89048,3588,7986,4991,37405,23462,0.262279308,0.322311935,3.19818,,New,High,Low,Avg
176,All,BS,NEW,411149,373258,98681,34416,48601,24527,4933,20620,54397,88550,3475,7817,4866,37738,23607,0.264377455,0.323719625,3.26382,,,3.264,3.198,3.228
203,All,BS,NEW,410628,373070,98483,34107,48931,24082,4796,20674,53978,88765,3451,7881,4777,37577,23496,0.26397995,0.322895662,3.23868,,,,,
230,All,BS,NEW,410406,372904,98460,34052,48972,24097,4960,20431,53691,88418,3450,7919,4723,37633,23446,0.264035784,0.32288027,3.22146,,Diffs,0.025,0.001,0.007
257,All,BS,NEW,410568,372551,98055,34458,48626,24371,4792,20266,53612,88759,3559,7942,4929,37352,23349,0.263198864,0.322755305,3.21672,,,,,
14,All,BS,OLD,410829,372985,98206,34335,48629,24297,4889,20391,53762,88940,3509,7611,3498,36550,22739,0.263297452,0.322618413,3.22572,,,,,
41,All,BS,OLD,410871,372731,98391,34619,48878,24276,4761,20476,53975,88853,3521,7677,3481,37210,23037,0.263973214,0.323726912,3.2385,,Old,High,Low,Avg
68,All,BS,OLD,411205,373422,98648,34307,49297,24133,5016,20202,53843,88668,3476,7630,3497,37208,23389,0.264172973,0.323330212,3.23058,,,3.238,3.200,3.221
95,All,BS,OLD,410483,372467,97745,34520,48619,23987,4873,20266,53327,88952,3496,7667,3461,36837,23003,0.262425933,0.322217972,3.19962,,-,-,-,-
122,All,BS,OLD,410436,372315,97683,34651,48636,23972,4830,20245,53476,88813,3470,7728,3472,36664,22772,0.262366544,0.322422984,3.20856,,-,-,-,-
155,All,EG,NEW,414376,378860,107200,32340,47414,35200,6686,17900,56645,47672,3176,12235,4563,34086,21157,0.282954126,0.336747302,3.3987,,New,High,Low,Avg
182,All,EG,NEW,415832,380058,108226,32558,47995,35470,6658,18103,57713,47690,3216,12176,4590,34312,21536,0.2847618,0.338559803,3.46278,,,3.463,3.387,3.415
209,All,EG,NEW,415013,379227,107814,32489,47870,35307,6704,17933,57004,47452,3297,12400,4533,34191,21301,0.284299377,0.338068928,3.42024,,,,,
236,All,EG,NEW,414155,379004,107055,32032,47393,34879,6698,18085,56442,47368,3119,12215,4495,33998,21281,0.282464037,0.335833203,3.38652,,Diffs,0.042,0.004,0.009
263,All,EG,NEW,414512,378979,107074,32370,47297,35268,6501,18008,56762,47619,3163,12120,4555,34028,21216,0.282532805,0.336405219,3.40572,,,,,
20,All,EG,OLD,413935,378677,107167,32274,47511,34880,6599,18177,57020,47222,2984,12156,7247,33764,20918,0.283003721,0.336866899,3.4212,,,,,
47,All,EG,OLD,414056,378637,107240,32397,47613,35171,6445,18011,56664,46695,3022,12392,7299,33673,20943,0.283226415,0.337241822,3.39984,,Old,High,Low,Avg
74,All,EG,OLD,414243,378758,107250,32415,47515,35179,6545,18011,56908,47426,3070,12207,7345,33805,21044,0.283162336,0.337157176,3.41448,,,3.421,3.382,3.405
101,All,EG,OLD,414612,379140,107676,32434,47827,35163,6599,18087,56824,47023,3038,12324,7298,33544,20885,0.284000633,0.337930402,3.40944,,-,-,-,-
128,All,EG,OLD,414148,378774,107008,32358,47217,35322,6569,17900,56370,47008,3016,12266,7308,33360,20884,0.282511471,0.336512551,3.3822,,-,-,-,-
157,All,EN,NEW,402611,369372,90743,29696,31780,22182,14403,22378,53681,64528,3543,7216,3494,28312,17700,0.245668324,0.299144832,3.22086,,New,High,Low,Avg
184,All,EN,NEW,402111,368942,90451,29625,31790,21927,14290,22444,53616,64883,3544,7208,3455,28449,17692,0.245163196,0.298614064,3.21696,,,3.229,3.217,3.221
211,All,EN,NEW,402653,369335,90940,29744,31981,22165,14381,22413,53814,64815,3574,7221,3548,28435,17625,0.246226326,0.299722093,3.22884,,,,,
238,All,EN,NEW,402399,368907,90549,29906,31819,21948,14511,22271,53622,64858,3586,7308,3574,28415,17667,0.245452106,0.299342195,3.21732,,Diffs,0.025,0.050,0.015
265,All,EN,NEW,402637,369417,90647,29606,31702,22153,14503,22289,53725,64865,3614,7125,3609,28387,17896,0.245378529,0.29866356,3.2235,,,,,
22,All,EN,OLD,402380,369216,90518,29919,31713,22277,14223,22305,53241,65928,3245,7356,3993,28292,17755,0.245162723,0.299311596,3.19446,,,,,
49,All,EN,OLD,401735,368695,90203,29680,31955,21874,14258,22116,52787,65741,3360,7350,3962,27997,17396,0.244654796,0.298413133,3.16722,,Old,High,Low,Avg
76,All,EN,OLD,402239,369112,90512,29861,31951,21816,14249,22496,53416,66122,3266,7368,4019,28139,17585,0.245215544,0.299257407,3.20496,,,3.254,3.167,3.207
103,All,EN,OLD,402176,368959,90490,29855,31847,22180,14293,22170,53549,65963,3362,7415,3906,27951,17378,0.245257603,0.299234663,3.21294,,-,-,-,-
130,All,EN,OLD,403380,370081,91333,29946,32148,22036,14584,22565,54227,66343,3353,7242,3916,28054,17590,0.246791919,0.300656949,3.25362,,-,-,-,-
152,All,FP,NEW,401225,368634,88959,28871,30842,25058,6241,26818,55262,53951,3720,6111,5716,28171,17677,0.24132066,0.293675618,3.31572,,New,High,Low,Avg
179,All,FP,NEW,401807,369328,89626,28705,30602,25587,6474,26963,55753,53857,3774,6117,5623,27733,17326,0.242673179,0.294497109,3.34518,,,3.378,3.316,3.347
206,All,FP,NEW,402355,369472,89773,29080,30912,25414,6287,27160,56300,54037,3803,6026,5736,28107,17635,0.242976464,0.295393372,3.378,,,,,
233,All,FP,NEW,401939,369302,90001,28892,31131,25391,6378,27101,55918,53752,3745,6237,5641,28533,17816,0.243705693,0.295798616,3.35508,,Diffs,0.024,0.017,0.004
260,All,FP,NEW,401687,369062,89694,28891,30970,25273,6349,27102,55717,54042,3734,6125,5691,28303,17530,0.243032336,0.295217421,3.34302,,,,,
17,All,FP,OLD,401884,369121,89365,29148,30904,25039,6256,27166,55764,53737,3615,6086,3699,27459,17061,0.242102183,0.294893551,3.34584,,,,,
44,All,FP,OLD,401701,369188,89344,28881,30721,25181,6387,27055,55599,53984,3632,6016,3576,27454,17071,0.242001365,0.294310943,3.33594,,Old,High,Low,Avg
71,All,FP,OLD,401842,369296,89479,28865,30907,25355,6265,26952,55675,53842,3681,5890,3645,27709,17245,0.242296153,0.29450381,3.3405,,,3.402,3.333,3.351
98,All,FP,OLD,402869,370104,90226,29125,30774,25572,6339,27541,56700,53694,3640,6006,3550,27640,17303,0.243785531,0.296252628,3.402,,-,-,-,-
125,All,FP,OLD,401588,369276,89340,28707,30729,25334,6257,27020,55551,53820,3605,5975,3717,27427,17080,0.241932863,0.293950516,3.33306,,-,-,-,-
151,All,NH,NEW,417257,375877,103395,36519,49058,31096,10800,12441,53974,72683,4861,8290,5797,38042,23675,0.275076687,0.335318521,3.23844,,New,High,Low,Avg
178,All,NH,NEW,417654,375907,103389,36830,48658,31545,10820,12366,54145,72918,4917,8214,5714,38182,23831,0.275038773,0.335730054,3.2487,,,3.259,3.197,3.234
205,All,NH,NEW,417205,375897,103423,36467,49151,30921,11032,12319,53781,73443,4841,8256,5778,38239,23810,0.27513654,0.335302789,3.22686,,,,,
232,All,NH,NEW,418036,376386,103868,36596,49256,31308,10828,12476,54316,72956,5054,8288,5962,38001,23861,0.27596138,0.336009339,3.25896,,Diffs,0.023,0.042,0.022
259,All,NH,NEW,416843,375642,102977,36395,48977,31035,10651,12314,53282,72399,4806,8322,5848,38037,23830,0.274136012,0.334351303,3.19692,,,,,
16,All,NH,OLD,418228,376409,103589,36855,48901,31510,10892,12286,53981,72726,4964,7875,4113,37077,23084,0.275203303,0.335807263,3.23886,,,,,
43,All,NH,OLD,418357,376772,103890,36738,49346,31137,10947,12460,54091,72720,4847,7859,4030,37425,23314,0.275737051,0.336143533,3.24546,,Old,High,Low,Avg
70,All,NH,OLD,418154,376602,103834,36734,49552,31222,10758,12302,54252,72714,4818,7963,4057,37500,23363,0.275712821,0.336163232,3.25512,,,3.282,3.239,3.256
97,All,NH,OLD,419033,376903,104118,37140,49306,31469,10907,12436,54696,72263,4990,7982,4051,37226,23324,0.276246143,0.337104715,3.28176,,-,-,-,-
124,All,NH,OLD,418436,376839,103992,36738,49350,31449,10861,12332,54274,72723,4859,7842,4153,37471,23364,0.275958699,0.336323834,3.25644,,-,-,-,-
159,All,NT,NEW,415341,358196,88449,53760,41028,21749,4961,20711,54343,64030,3385,12078,4929,39271,24481,0.246929056,0.342390951,3.26058,,New,High,Low,Avg
186,All,NT,NEW,415636,358459,88562,53747,41104,21849,4899,20710,54493,64242,3430,12032,4883,39222,24581,0.247063123,0.342388532,3.26958,,,3.286,3.257,3.271
213,All,NT,NEW,415713,358242,88816,54090,41168,21911,4957,20780,54770,64203,3381,12285,4984,39470,24562,0.247921796,0.343761201,3.2862,,,,,
240,All,NT,NEW,416142,358352,88936,54340,41512,21981,4947,20496,54735,63805,3450,12280,4961,39786,24932,0.24818056,0.344295937,3.2841,,Diffs,0.021,0.008,0.016
267,All,NT,NEW,415452,358032,88197,53996,40785,22062,4932,20418,54279,64331,3424,12066,4781,39139,24464,0.246338316,0.342260959,3.25674,,,,,
24,All,NT,OLD,415437,357858,88149,54112,41113,21698,4887,20451,54141,64069,3467,11600,4554,38734,24067,0.246323961,0.342437,3.24846,,,,,
51,All,NT,OLD,416842,358926,89448,54302,41649,22125,5090,20584,55038,64064,3614,11590,4577,39058,24321,0.249210144,0.344854885,3.30228,,Old,High,Low,Avg
78,All,NT,OLD,416420,358892,89033,54143,41209,22198,4883,20743,54842,64219,3385,11547,4572,38748,24156,0.248077416,0.343825945,3.29052,,,3.307,3.248,3.287
105,All,NT,OLD,416348,358707,88607,54157,40929,22044,4861,20773,54791,64235,3484,11433,4510,38461,24059,0.247017761,0.342895847,3.28746,,-,-,-,-
132,All,NT,OLD,416813,359007,88994,54358,41289,22094,4999,20612,55114,64325,3448,11453,4599,38583,24108,0.247889317,0.343924014,3.30684,,-,-,-,-
160,All,SF,NEW,415643,385201,116905,27427,78207,18124,4171,16403,53469,47950,3015,11048,3857,46944,29303,0.303490905,0.347249924,3.20814,,New,High,Low,Avg
187,All,SF,NEW,415893,385660,117418,27277,78783,17830,4191,16614,53882,47738,2956,10973,3816,47518,29689,0.304459887,0.347914007,3.23292,,,3.233,3.167,3.195
214,All,SF,NEW,415028,384985,116790,27116,78551,17883,4148,16208,52947,47457,2927,11124,3946,47108,29354,0.303362469,0.346738051,3.17682,,,,,
241,All,SF,NEW,415056,384738,116462,27423,78174,17862,4176,16250,52777,47357,2895,11054,3883,47307,29532,0.302704698,0.346664065,3.16662,,Diffs,0.023,0.000,0.002
268,All,SF,NEW,415067,384868,116542,27299,78176,17802,4149,16415,53170,47452,2900,11151,3905,46981,29358,0.302810314,0.34654887,3.1902,,,,,
25,All,SF,OLD,415976,385447,117125,27552,78594,17959,4166,16406,53466,47477,2977,10577,3509,46696,29119,0.303867977,0.347801315,3.20796,,,,,
52,All,SF,OLD,415686,385316,116917,27413,78733,17808,3963,16413,53506,47201,2957,10670,3631,46626,29202,0.303431469,0.347209192,3.21036,,Old,High,Low,Avg
79,All,SF,OLD,415633,385499,116840,27233,78175,17984,4080,16601,53397,47543,2901,10511,3701,46770,29343,0.303087686,0.346635132,3.20382,,,3.210,3.166,3.197
106,All,SF,OLD,415052,384751,116292,27286,78257,17680,4035,16320,52769,47094,3015,10606,3616,46427,29034,0.302252626,0.345927739,3.16614,,-,-,-,-
133,All,SF,OLD,415733,385345,117146,27417,78551,17993,4059,16543,53291,47387,2971,10773,3623,46464,28920,0.304002906,0.347730394,3.19746,,-,-,-,-
154,All,TD,NEW,410290,374356,100955,31180,43165,30160,12118,15512,53909,53718,4754,9231,5512,33279,20665,0.269676458,0.322052694,3.23454,,New,High,Low,Avg
181,All,TD,NEW,409929,374067,100790,31060,43148,29892,12280,15470,53815,53373,4802,9369,5373,33304,20752,0.269443709,0.321641065,3.2289,,,3.235,3.184,3.222
208,All,TD,NEW,410110,374030,100722,31264,43121,29888,12285,15428,53830,53872,4816,9220,5389,33415,20759,0.26928856,0.321830728,3.2298,,,,,
235,All,TD,NEW,408991,373071,99560,31188,42677,29567,12111,15205,53060,53466,4732,9334,5498,33205,20782,0.266866093,0.319684296,3.1836,,Diffs,0.016,0.021,0.009
262,All,TD,NEW,410390,374100,100681,31532,43041,29722,12391,15527,53912,53446,4758,9248,5483,33595,21020,0.269128575,0.322164283,3.23472,,,,,
19,All,TD,OLD,410114,373832,100422,31422,43077,29670,12234,15441,53650,53306,4860,9147,5099,32665,20401,0.268628689,0.321481344,3.219,,,,,
46,All,TD,OLD,410459,374562,101104,30911,43384,29828,12317,15575,54134,53449,4986,8903,5152,32705,20346,0.26992594,0.321627739,3.24804,,Old,High,Low,Avg
73,All,TD,OLD,410217,374197,100845,31154,43305,29867,12234,15439,53899,53018,4866,9118,5153,32531,20194,0.269497083,0.321778473,3.23394,,,3.250,3.205,3.231
100,All,TD,OLD,410595,374468,101045,31284,43001,30070,12399,15575,54171,53644,4843,8946,5122,32616,20157,0.269836141,0.322285951,3.25026,,-,-,-,-
127,All,TD,OLD,409756,374034,100300,30919,43107,29670,12142,15381,53417,53351,4803,8930,5119,32450,20240,0.26815744,0.320236921,3.20502,,-,-,-,-
153,All,TT,NEW,407793,363035,83308,43096,31264,18192,4046,29806,56076,136157,1662,5954,2844,33305,20648,0.229476497,0.30997099,3.36456,,New,High,Low,Avg
180,All,TT,NEW,408576,364013,84076,42928,31409,18462,4084,30121,56963,136809,1635,5711,2884,33807,21090,0.230969773,0.310845473,3.41778,,,3.418,3.365,3.389
207,All,TT,NEW,408407,363542,83860,43238,31282,18452,4122,30004,56744,136138,1627,5955,2889,33634,20898,0.23067486,0.311204264,3.40464,,,,,
234,All,TT,NEW,407869,363062,83244,43197,31053,18218,3971,30002,56316,136719,1610,5939,2859,33504,20871,0.229283153,0.310003947,3.37896,,Diffs,0.014,0.013,0.014
261,All,TT,NEW,407867,362592,83089,43665,31248,18010,4023,29808,56316,136274,1610,5986,2836,33914,21013,0.229152877,0.310772874,3.37896,,,,,
18,All,TT,OLD,408292,363534,83416,43138,31157,18255,4165,29839,56380,136476,1620,5680,2512,33217,20823,0.229458593,0.309959539,3.3828,,,,,
45,All,TT,OLD,408626,363684,83893,43222,31299,18391,4121,30082,57053,136076,1720,5649,2443,33746,21088,0.230675532,0.31107908,3.42318,,Old,High,Low,Avg
72,All,TT,OLD,408518,363530,83668,43222,31200,18482,4047,29939,56687,136363,1766,5642,2490,33337,20829,0.23015432,0.310610548,3.40122,,,3.431,3.377,3.403
99,All,TT,OLD,408857,363747,83856,43445,31181,18292,4111,30272,57191,135864,1665,5762,2438,33008,20538,0.23053386,0.31135825,3.43146,,-,-,-,-
126,All,TT,OLD,408231,363154,83282,43443,31149,18304,4020,29809,56289,136411,1634,5666,2521,33366,20759,0.229329706,0.310424735,3.37734,,-,-,-,-
158,All,WC,NEW,411394,379260,100357,29729,44783,31906,4847,18821,53172,46804,2405,5940,3717,34255,21503,0.264612667,0.31620782,3.19032,,New,High,Low,Avg
185,All,WC,NEW,410680,378663,99849,29717,44761,31409,4799,18880,52621,46841,2300,5873,3721,34455,21442,0.263688293,0.31549138,3.15726,,,3.190,3.157,3.170
212,All,WC,NEW,410688,379037,100233,29349,44936,31707,4946,18644,52736,47033,2302,5956,3852,34466,21528,0.264441202,0.315524194,3.16416,,,,,
239,All,WC,NEW,410471,378682,99769,29430,44675,31349,4905,18840,52900,47142,2359,5801,3779,34402,21475,0.263463803,0.314757924,3.174,,Diffs,0.028,0.026,0.022
266,All,WC,NEW,410939,378859,99713,29627,44377,31614,4962,18760,52777,47079,2453,5722,3790,34164,21485,0.263192903,0.314742577,3.16662,,,,,
23,All,WC,OLD,410405,378162,99368,29781,44416,31487,4910,18555,52504,46674,2462,5721,3383,33645,20858,0.262765693,0.314686712,3.15024,,,,,
50,All,WC,OLD,410498,378631,99516,29504,44567,31431,4836,18682,52604,46781,2363,5680,3329,33599,20978,0.262831094,0.314301166,3.15624,,Old,High,Low,Avg
77,All,WC,OLD,410215,378355,99338,29445,44506,31542,4873,18417,52365,46838,2415,5642,3463,33797,21081,0.262552365,0.313940251,3.1419,,,3.162,3.131,3.148
104,All,WC,OLD,409746,378088,99209,29352,44193,31509,4879,18628,52191,46834,2306,5732,3333,33603,20732,0.262396585,0.313757791,3.13146,,-,-,-,-
131,All,WC,OLD,410916,378918,99840,29578,44886,31379,4964,18611,52702,47236,2420,5670,3288,33906,21245,0.263487087,0.314950014,3.16212,,-,-,-,-
137,BC,All,NEW,417815,379247,113706,33960,67673,26031,5366,14636,55513,58360,4608,10939,5975,47319,28407,0.299820434,0.353424362,3.33078,,New,High,Low,Avg
164,BC,All,NEW,417572,379077,113849,33800,67966,26178,5482,14223,55356,58322,4695,11002,5941,47555,28480,0.300332122,0.353589321,3.32136,,,3.331,3.302,3.318
191,BC,All,NEW,417343,379161,113583,33576,67677,26117,5509,14280,55075,58609,4606,10889,6032,47202,28275,0.299564037,0.352609245,3.3045,,,,,
218,BC,All,NEW,417985,379586,114029,33868,67940,26252,5370,14467,55491,58117,4531,11074,6021,47424,28586,0.300403598,0.353833272,3.32946,,Diffs,0.001,0.005,0.005
245,BC,All,NEW,416824,378990,113449,33362,67995,25632,5533,14289,55040,58172,4472,11090,5703,47237,28340,0.299345629,0.352213404,3.3024,,,,,
2,BC,All,OLD,417560,379536,113781,33633,67832,26051,5463,14435,54965,58858,4391,10605,4783,46778,28056,0.299789743,0.353036689,3.2979,,,,,
29,BC,All,OLD,417612,379822,114233,33295,68158,26311,5556,14208,55282,58506,4495,10709,4806,46363,27716,0.300754037,0.353265711,3.31692,,Old,High,Low,Avg
56,BC,All,OLD,417859,380117,114241,33229,67965,26305,5493,14478,55498,58131,4513,10559,4850,46412,27891,0.300541675,0.35291809,3.32988,,,3.330,3.298,3.312
83,BC,All,OLD,417554,379741,113997,33349,68181,25907,5358,14551,55102,58326,4464,10758,4711,46285,27764,0.300196713,0.352878909,3.30612,,-,-,-,-
110,BC,All,OLD,417354,379499,113622,33445,67797,26146,5383,14296,55188,58643,4410,10673,4633,46275,27747,0.299399998,0.352379515,3.31128,,-,-,-,-
135,BN,All,NEW,414104,376709,106091,33321,54626,29414,5465,16586,54830,72848,4074,8739,5569,41454,24885,0.28162587,0.33665939,3.2898,,New,High,Low,Avg
162,BN,All,NEW,414040,376944,106329,33118,54928,29133,5506,16762,54599,73138,3978,8805,5685,41856,25254,0.282081689,0.336795962,3.27594,,,3.318,3.264,3.289
189,BN,All,NEW,414455,377050,106473,33398,54918,29210,5547,16798,55298,72387,4007,8728,5596,41777,25089,0.282384299,0.337481753,3.31788,,,,,
216,BN,All,NEW,414593,377125,106626,33506,55210,29293,5472,16651,54987,72611,3962,8897,5628,41818,25176,0.282733842,0.337998953,3.29922,,Diffs,0.010,0.020,0.018
243,BN,All,NEW,413458,376284,105642,33172,54637,28891,5379,16735,54397,72915,4002,8763,5639,41572,24979,0.28075071,0.335739059,3.26382,,,,,
0,BN,All,OLD,414641,377053,105952,33516,54573,29287,5442,16650,54729,73201,4072,8143,4263,41204,24854,0.281000284,0.33635844,3.28374,,,,,
27,BN,All,OLD,415439,377777,106807,33512,55147,29360,5430,16870,55450,73317,4150,8102,4203,41483,25082,0.282724994,0.337760778,3.327,,Old,High,Low,Avg
54,BN,All,OLD,414403,377182,106281,33051,55155,28952,5369,16805,54845,73111,4170,8199,4307,41129,24734,0.281776437,0.336223435,3.2907,,,3.328,3.284,3.307
81,BN,All,OLD,414538,377397,106348,33020,54830,29369,5357,16792,55120,73413,4121,8069,4286,40949,24547,0.281793443,0.336200783,3.3072,,-,-,-,-
108,BN,All,OLD,415272,377854,106767,33284,54843,29523,5440,16961,55467,73386,4134,8049,4346,41072,24732,0.282561518,0.337251247,3.32802,,-,-,-,-
136,BP,All,NEW,402256,366886,90915,32290,39585,23348,3709,24273,52669,79506,3080,6682,5088,35557,21290,0.247801769,0.306285052,3.16014,,New,High,Low,Avg
163,BP,All,NEW,401817,366679,90541,32067,39166,23412,3702,24261,52517,79535,3071,6775,5139,35075,21059,0.246921694,0.305133929,3.15102,,,3.186,3.151,3.165
190,BP,All,NEW,402904,367561,91275,32299,39701,23761,3620,24193,53098,79814,3044,6517,5260,35668,21515,0.248326128,0.306708298,3.18588,,,,,
217,BP,All,NEW,402433,367153,91086,32200,39385,23676,3743,24282,52928,79827,3080,6751,5121,35229,21127,0.24808731,0.306351616,3.17568,,Diffs,0.009,0.020,0.018
244,BP,All,NEW,402341,367152,91043,32186,39618,23593,3589,24243,52567,79612,3003,6810,5171,35162,21084,0.247970868,0.306279996,3.15402,,,,,
1,BP,All,OLD,403267,367734,91150,32535,39517,23532,3536,24565,53133,80221,2998,6629,3691,34472,20913,0.247869384,0.306707467,3.18798,,,,,
28,BP,All,OLD,402744,367739,91363,32107,39593,23609,3725,24436,52844,79970,2898,6572,3570,34508,20560,0.248445229,0.306571917,3.17064,,Old,High,Low,Avg
55,BP,All,OLD,403118,368043,91410,32208,39775,23541,3575,24519,53245,79857,2867,6594,3737,34743,21058,0.248367718,0.306654627,3.1947,,,3.195,3.171,3.183
82,BP,All,OLD,403206,367740,91313,32423,39682,23696,3752,24183,53007,80271,3043,6491,3599,34672,20852,0.248308588,0.306880354,3.18042,,-,-,-,-
109,BP,All,OLD,403073,367815,91493,32216,39477,23970,3724,24322,53015,79611,3042,6573,3671,34423,20573,0.248747332,0.306914628,3.1809,,-,-,-,-
142,EN,All,NEW,403259,371250,94701,28482,35766,24241,15093,19601,52694,59799,3527,7240,3516,31577,18893,0.255086869,0.305468694,3.16164,,New,High,Low,Avg
169,EN,All,NEW,403524,371778,95136,28231,35882,24622,14909,19723,52967,59460,3515,7224,3532,31583,18964,0.255894647,0.305724071,3.17802,,,3.180,3.159,3.170
196,EN,All,NEW,403142,371401,94607,28127,36081,24244,14740,19542,52866,60098,3614,7224,3636,31436,19068,0.254730063,0.304443596,3.17196,,,,,
223,EN,All,NEW,404090,371929,95391,28726,36129,24683,14947,19632,53006,59474,3435,7494,3662,31286,18753,0.25647637,0.307151872,3.18036,,Diffs,0.024,0.031,0.029
250,EN,All,NEW,402803,370827,94437,28446,35946,24231,14866,19394,52645,59641,3530,7333,3517,31766,19019,0.254665922,0.305069724,3.1587,,,,,
7,EN,All,OLD,403556,371654,94967,28188,36093,24613,14823,19438,53159,59895,3714,6877,4357,31220,18717,0.2555253,0.305174499,3.18954,,,,,
34,EN,All,OLD,404056,371949,95404,28260,36139,24732,15133,19400,53408,59970,3847,6877,4279,31393,18880,0.256497531,0.306056586,3.20448,,Old,High,Low,Avg
61,EN,All,OLD,404032,371801,95313,28540,35970,24794,15041,19508,53368,59612,3691,6972,4291,31606,18960,0.256354878,0.306542551,3.20208,,,3.205,3.190,3.199
88,EN,All,OLD,403920,371730,95185,28490,36218,24357,14992,19618,53255,59833,3700,7000,4316,31265,18732,0.256059506,0.306186869,3.1953,,-,-,-,-
115,EN,All,OLD,403545,371654,95138,28157,35899,24379,15149,19711,53411,60295,3734,7148,4248,31003,18611,0.255985406,0.305529743,3.20466,,-,-,-,-
144,HK,All,NEW,408448,382021,96615,24602,41177,22113,3627,29698,56518,105533,1825,12769,2172,0,0,0.252904945,0.29677462,3.39108,,New,High,Low,Avg
171,HK,All,NEW,408371,381995,96546,24545,41028,22194,3639,29685,56593,104992,1831,12720,2163,0,0,0.252741528,0.296522035,3.39558,,,3.432,3.376,3.397
198,HK,All,NEW,408142,381977,96620,24396,41062,22360,3663,29535,56269,105595,1769,12874,2162,0,0,0.252947167,0.296504648,3.37614,,,,,
225,HK,All,NEW,409313,382546,96928,24976,40785,22648,3711,29784,57197,105155,1791,12591,2191,0,0,0.253376065,0.297825869,3.43182,,Diffs,0.037,0.011,0.015
252,HK,All,NEW,408589,382222,96489,24599,40779,22493,3807,29410,56538,105259,1768,12499,2158,0,0,0.252442298,0.296356485,3.39228,,,,,
9,HK,All,OLD,408881,382718,97002,24471,41439,22288,3768,29507,56586,106193,1692,12359,1914,0,0,0.253455547,0.297086438,3.39516,,,,,
36,HK,All,OLD,408542,382126,96439,24670,40875,22281,3731,29552,56422,105578,1746,12315,1998,0,0,0.252374871,0.296441981,3.38532,,Old,High,Low,Avg
63,HK,All,OLD,407835,381570,96131,24396,40648,22238,3654,29591,56344,105507,1869,12422,1971,0,0,0.251935425,0.295528829,3.38064,,,3.395,3.365,3.382
90,HK,All,OLD,407734,381257,95692,24713,40500,22135,3718,29339,56086,105658,1764,12415,1939,0,0,0.250990801,0.29530282,3.36516,,-,-,-,-
117,HK,All,OLD,408639,382034,96564,24754,41271,22318,3719,29256,56389,105439,1851,12423,1937,0,0,0.252762843,0.296883068,3.38334,,-,-,-,-
138,MH,All,NEW,394479,367905,87187,25150,29422,19959,3770,34036,55507,34282,1424,17858,1866,0,0,0.236982373,0.28477308,3.33042,,New,High,Low,Avg
165,MH,All,NEW,393960,367400,86844,25162,29468,19967,3625,33784,54927,34306,1398,18046,1831,0,0,0.236374524,0.284308052,3.29562,,,3.330,3.296,3.316
192,MH,All,NEW,394458,367714,86823,25361,29020,19988,3467,34348,55453,34732,1383,17726,1830,0,0,0.236115568,0.284400367,3.32718,,,,,
219,MH,All,NEW,393793,367244,86483,25160,29072,19883,3596,33932,54993,34380,1389,17850,1824,0,0,0.235491935,0.283506817,3.29958,,Diffs,0.009,0.009,0.000
246,MH,All,NEW,394365,367714,87027,25238,29149,19984,3665,34229,55484,34833,1413,17900,1839,0,0,0.236670347,0.284672828,3.32904,,,,,
3,MH,All,OLD,393856,367069,86461,25437,28932,19907,3575,34047,55083,34727,1350,17760,3223,0,0,0.235544271,0.284108913,3.30498,,,,,
30,MH,All,OLD,394879,367873,87459,25637,29611,19852,3713,34283,55657,35061,1369,17951,3244,0,0,0.237742373,0.286406722,3.33942,,Old,High,Low,Avg
57,MH,All,OLD,394177,367356,86976,25443,29290,20129,3578,33979,55269,34941,1378,17974,3283,0,0,0.23676216,0.285199289,3.31614,,,3.339,3.305,3.316
84,MH,All,OLD,393617,367385,86912,24935,29307,19958,3621,34026,55202,34562,1297,17950,3168,0,0,0.236569267,0.284151853,3.31212,,-,-,-,-
111,MH,All,OLD,393714,366972,86743,25392,29166,19990,3590,33997,55121,34614,1350,18118,3282,0,0,0.236374982,0.284813342,3.30726,,-,-,-,-
139,S,All,NEW,403986,371619,97106,27380,39859,29055,15789,12403,51015,61408,4987,892,6844,59391,39783,0.261305262,0.308144342,3.0609,,New,High,Low,Avg
166,S,All,NEW,405351,372406,97923,27893,40186,29491,15816,12430,51797,61798,5052,908,6940,59934,40377,0.262946891,0.310387787,3.10782,,,3.108,3.048,3.072
193,S,All,NEW,404225,371294,97033,27842,39897,29076,15892,12168,50796,61440,5089,945,6742,59643,39938,0.261337377,0.308924485,3.04776,,,,,
220,S,All,NEW,404290,371746,97372,27421,40192,29047,15786,12347,51050,61402,5123,925,6849,59709,40131,0.261931534,0.308671993,3.063,,Diffs,0.025,0.010,0.001
247,S,All,NEW,404753,372044,97658,27789,39975,29366,15927,12390,51382,61378,4920,940,6738,59619,39865,0.262490458,0.309934701,3.08292,,,,,
4,S,All,OLD,404428,371678,97237,27683,39923,29215,15582,12517,51351,59294,5067,802,4374,58781,39200,0.261616238,0.308880691,3.08106,,,,,
31,S,All,OLD,404563,371826,97059,27721,40043,29075,15619,12322,50957,59155,5016,825,4597,59034,39743,0.261033387,0.308431567,3.05742,,Old,High,Low,Avg
58,S,All,OLD,404716,372343,97571,27363,40299,29152,15712,12408,51354,59067,5010,834,4366,58795,39524,0.262046017,0.30869548,3.08124,,,3.083,3.057,3.073
85,S,All,OLD,405323,372691,97996,27587,40260,29650,15725,12361,51386,59319,5045,814,4291,58996,39654,0.262941686,0.309834379,3.08316,,-,-,-,-
112,S,All,OLD,404697,372092,97623,27528,40174,29368,15764,12317,51039,59347,5077,858,4290,58838,39340,0.262362534,0.309246177,3.06234,,-,-,-,-
147,SF,All,NEW,414123,386123,119877,24867,81795,20833,3802,13447,51620,40230,3133,10104,4202,50886,30369,0.310463246,0.349519346,3.0972,,New,High,Low,Avg
174,SF,All,NEW,414875,386527,120232,25021,82088,21152,3758,13234,51919,40206,3327,9977,4289,51361,30960,0.311057184,0.350112685,3.11514,,,3.167,3.097,3.140
201,SF,All,NEW,415696,387368,121230,25118,82866,21043,3814,13507,52657,40997,3210,10084,4111,51448,30880,0.312958221,0.352055348,3.15942,,,,,
228,SF,All,NEW,415252,386880,120746,25166,82506,21005,3672,13563,52777,40282,3206,10069,4200,51381,30790,0.312101944,0.351381812,3.16662,,Diffs,0.011,0.020,0.005
255,SF,All,NEW,416129,387439,121319,25488,83052,21066,3735,13466,52656,40447,3202,10103,4169,51567,30992,0.313130583,0.352792043,3.15936,,,,,
12,SF,All,OLD,415811,387787,121368,24891,82744,21170,3893,13561,52587,40952,3133,9630,3934,50772,30484,0.312975938,0.351743941,3.15522,,,,,
39,SF,All,OLD,415165,387204,120752,24777,82393,21153,3771,13435,52426,41170,3184,9614,3877,50539,30290,0.311856282,0.350532921,3.14556,,Old,High,Low,Avg
66,SF,All,OLD,415365,387137,120600,25051,82398,21002,3747,13453,51947,40706,3177,9731,3889,50598,30560,0.311517628,0.350657855,3.11682,,,3.155,3.117,3.135
93,SF,All,OLD,415349,387569,121103,24747,82714,21117,3775,13497,52281,41484,3033,9612,3871,50930,30589,0.312468231,0.351150478,3.13686,,-,-,-,-
120,SF,All,OLD,415153,386902,120563,25066,82378,20776,3884,13525,52006,41008,3185,9481,3981,50870,30412,0.311611209,0.350783928,3.12036,,-,-,-,-
146,SM,All,NEW,406823,360385,96334,40854,51633,24784,4351,15566,52499,39591,5584,1861,10288,79604,51100,0.267308573,0.337217906,3.14994,,New,High,Low,Avg
173,SM,All,NEW,406961,360478,96171,40738,51193,24907,4599,15472,52901,40053,5745,1756,10041,79145,50953,0.266787432,0.336417986,3.17406,,,3.197,3.150,3.177
200,SM,All,NEW,407423,360872,96983,40773,51991,24784,4529,15679,53281,39729,5778,1795,10013,79918,51380,0.268746259,0.338115423,3.19686,,,,,
227,SM,All,NEW,406778,360658,96680,40498,51772,24549,4593,15766,52894,39654,5622,1783,10092,79524,50907,0.268065591,0.337230627,3.17364,,Diffs,0.031,0.023,0.029
254,SM,All,NEW,407248,361174,97118,40376,51875,24870,4625,15748,53138,39887,5698,1732,10205,79521,51007,0.268895325,0.337617373,3.18828,,,,,
11,SM,All,OLD,407451,361319,96462,40765,51564,24840,4428,15630,52570,39941,5367,1662,6915,77804,49977,0.266971845,0.336793872,3.1542,,,,,
38,SM,All,OLD,406686,360901,96097,40481,51343,24824,4352,15578,52123,40197,5304,1596,6917,77587,49570,0.266269697,0.335831575,3.12738,,Old,High,Low,Avg
65,SM,All,OLD,407165,361061,96219,40789,51259,24770,4506,15684,52309,40256,5315,1663,6756,77702,49809,0.266489596,0.336492577,3.13854,,,3.165,3.127,3.148
92,SM,All,OLD,407667,361355,96591,41036,51516,24575,4603,15897,52758,40289,5276,1641,6815,78038,50022,0.267302237,0.337596617,3.16548,,-,-,-,-
119,SM,All,OLD,407715,361543,96732,40720,51648,24672,4549,15863,52575,39763,5452,1632,6816,77759,49961,0.267553237,0.33712765,3.1545,,-,-,-,-
145,TT,All,NEW,427535,369588,83141,55737,31152,18986,3880,29123,60843,135875,2210,11343,2290,0,0,0.224955897,0.324834224,3.65058,,New,High,Low,Avg
172,TT,All,NEW,427754,370088,83677,55474,31147,19126,3959,29445,61061,135729,2192,11397,2348,0,0,0.226100279,0.325306134,3.66366,,,3.681,3.617,3.658
199,TT,All,NEW,427823,370003,83464,55621,30747,19237,4002,29478,61305,136053,2199,11262,2285,0,0,0.225576549,0.325099399,3.6783,,,,,
226,TT,All,NEW,426306,369029,82469,55014,30682,18837,3835,29115,60289,135720,2263,11177,2239,0,0,0.223475662,0.322498393,3.61734,,Diffs,0.032,0.006,0.029
253,TT,All,NEW,428153,370185,83660,55771,31220,19250,3903,29287,61354,136300,2197,11278,2277,0,0,0.225995111,0.32565695,3.68124,,,,,
10,TT,All,OLD,426808,369411,82848,55279,30956,18693,3816,29383,60205,136085,2118,10975,1087,0,0,0.224270528,0.323627954,3.6123,,,,,
37,TT,All,OLD,426601,369239,82769,55285,30617,19212,3866,29074,60184,136187,2077,11100,1078,0,0,0.224161045,0.323613869,3.61104,,Old,High,Low,Avg
64,TT,All,OLD,426846,369340,82732,55355,30787,18986,3886,29073,60452,135947,2151,10881,1048,0,0,0.223999567,0.323505433,3.62712,,,3.650,3.611,3.629
91,TT,All,OLD,427265,369602,83193,55515,30938,18996,3960,29299,60828,135900,2148,11096,1095,0,0,0.225088068,0.324641616,3.64968,,-,-,-,-
118,TT,All,OLD,427391,369612,82986,55748,30769,19048,3827,29342,60760,136034,2031,10999,1112,0,0,0.224521931,0.324606742,3.6456,,-,-,-,-
143,WC,All,NEW,424857,355704,87927,64621,38555,24642,6476,18254,57265,67003,4532,9528,6441,44854,26691,0.247191485,0.359057283,3.4359,,New,High,Low,Avg
170,WC,All,NEW,424597,355998,87540,64249,38382,24816,6290,18052,56946,67345,4350,9437,6482,44754,26999,0.245900258,0.357489572,3.41676,,,3.458,3.417,3.439
197,WC,All,NEW,425313,356379,88031,64584,38445,24911,6362,18313,57160,66894,4350,9531,6397,44610,26839,0.247015116,0.35882985,3.4296,,,,,
224,WC,All,NEW,425483,356228,87907,64785,38546,24970,6364,18027,57628,67438,4470,9391,6452,44773,26955,0.24677173,0.358867452,3.45768,,Diffs,0.014,0.004,0.002
251,WC,All,NEW,425683,356427,88077,64752,38684,24753,6443,18197,57562,66785,4504,9430,6449,44879,27163,0.247110909,0.35902068,3.45372,,,,,
8,WC,All,OLD,425497,356483,87671,64760,38507,24611,6401,18152,57012,67551,4254,9173,3725,43255,26033,0.245933186,0.358242244,3.42072,,,,,
35,WC,All,OLD,425513,356691,87966,64570,38669,24765,6363,18169,57353,67193,4252,9079,3750,43370,25964,0.24661682,0.358475534,3.44118,,Old,High,Low,Avg
62,WC,All,OLD,425725,356651,87957,64686,38436,25001,6476,18044,57394,67570,4388,9043,3740,43374,26043,0.246619244,0.358548359,3.44364,,,3.444,3.421,3.437
89,WC,All,OLD,425359,356481,88091,64515,38741,24751,6350,18249,57316,67700,4363,9132,3710,43508,25958,0.247112749,0.358769886,3.43896,,-,-,-,-
116,WC,All,OLD,425961,357344,88581,64356,38847,24980,6632,18122,57338,67696,4261,9026,3603,43484,26066,0.24788719,0.359039912,3.44028,,-,-,-,-
140,XB,All,NEW,403285,373623,95536,27401,32006,34636,9215,19679,53185,74888,2261,1109,4587,51365,32822,0.255701603,0.30483901,3.1911,,New,High,Low,Avg
167,XB,All,NEW,402253,372522,94062,27475,31536,33819,9278,19429,52172,75592,2256,1118,4526,51058,32892,0.252500523,0.302140693,3.13032,,,3.191,3.113,3.144
194,XB,All,NEW,401969,372452,94321,27241,31842,33794,9225,19460,52418,75325,2276,1131,4473,51225,32763,0.253243371,0.302416355,3.14508,,,,,
221,XB,All,NEW,402233,372451,94056,27580,31604,33758,9294,19400,52332,75315,2202,1138,4440,51110,32845,0.252532548,0.302401842,3.13992,,Diffs,0.030,0.032,0.008
248,XB,All,NEW,401687,371977,93616,27457,31455,33658,9165,19338,51888,75362,2253,1062,4438,51100,32776,0.251671474,0.301411298,3.11328,,,,,
5,XB,All,OLD,402770,373101,94986,27468,31819,34216,9360,19591,52683,75264,2201,1080,5891,51036,32545,0.25458522,0.304029595,3.16098,,,,,
32,XB,All,OLD,402640,372725,94534,27757,31801,33933,9341,19459,52582,75957,2158,1119,5850,51197,32804,0.253629351,0.303722929,3.15492,,Old,High,Low,Avg
59,XB,All,OLD,402416,373136,94553,27169,31758,33857,9442,19496,52416,75710,2111,1036,5690,50935,32778,0.253400905,0.302478033,3.14496,,,3.161,3.145,3.152
86,XB,All,OLD,402516,372944,94556,27427,31911,33978,9180,19487,52596,75305,2145,1051,5833,50977,32670,0.253539405,0.303051307,3.15576,,-,-,-,-
113,XB,All,OLD,402426,373019,94502,27356,31626,34124,9174,19578,52423,75923,2051,1111,5879,50693,32495,0.253343663,0.302808467,3.14538,,-,-,-,-
